{
    "A_1": 1,
    "A_2": 2,
    "A_3": 3,
    "A_4": 4,
    "A_5": 5,
    "A_6": 6,
    "A_7": 7,
    "A_8": 8,
    "A_9": 9,
    "B_1": 22,
    "B_2": 23,
    "B_3": 24,
    "B_4": 25,
    "B_5": 26,
    "B_6": 72,
    "B_7": 28,
    "B_8": 29,
    "B_9": 30,
    "C_1": 67,
    "C_2": 67,
    "C_3": 66,
    "C_4": 66,
    "C_5": 68,
    "C_6": 69,
    "C_7": 70,
    "C_8": 42,
    "C_9": 71,
    "D_1": 88,
    "D_2": 98,
    "D_3": 868,
    "D_4": 5,
    "D_5": 55,
    "D_6": 78,
    "D_7": 999,
    "D_8": 33,
    "D_9": 7,
    "TOTAL_WEIGHT_A": 45,
    "TOTAL_WEIGHT_B": 279,
    "TOTAL_WEIGHT_C": 586,
    "TOTAL_WEIGHT_D": 2231,
    "combined index": 1402.22216796875,
    "elongation index": 100,
    "flakiness index": 1302.22216796875,
    "p_1": 0,
    "p_2": 0,
    "p_3": 0,
    "p_4": 0,
    "p_5": 0,
    "p_6": 0,
    "p_7": 0,
    "p_8": 0,
    "p_9": 0,
    "r_1": 0,
    "r_2": 0,
    "r_3": 0,
    "r_4": 0,
    "r_5": 0,
    "r_6": 0,
    "r_7": 0,
    "r_8": 0,
    "r_9": 0
}
