{
    "10mm": {
        "CUM_11": 80,
        "CUM_12": 80,
        "CUM_13": 80,
        "CUM_14": 80,
        "CUM_15": 80,
        "CUM_16": 80,
        "CUM_17": 80,
        "CUM_18": 80,
        "CUM_21": 0,
        "CUM_22": 0,
        "CUM_23": 0,
        "CUM_24": 0,
        "CUM_25": 0,
        "CUM_26": 0,
        "CUM_27": 0,
        "CUM_28": 0,
        "CUM_31": 81.00000762939453,
        "CUM_32": 81.00000762939453,
        "CUM_33": 81.00000762939453,
        "CUM_34": 81.00000762939453,
        "CUM_35": 81.00000762939453,
        "CUM_36": 81.00000762939453,
        "CUM_37": 81.00000762939453,
        "CUM_38": 81.00000762939453,
        "cum_11": 4,
        "cum_12": 4,
        "cum_13": 4,
        "cum_14": 4,
        "cum_15": 4,
        "cum_16": 4,
        "cum_17": 4,
        "cum_18": 4,
        "cum_21": 0,
        "cum_22": 0,
        "cum_23": 0,
        "cum_24": 0,
        "cum_25": 0,
        "cum_26": 0,
        "cum_27": 0,
        "cum_28": 0,
        "cum_31": 4.050000190734863,
        "cum_32": 4.050000190734863,
        "cum_33": 4.050000190734863,
        "cum_34": 4.050000190734863,
        "cum_35": 4.050000190734863,
        "cum_36": 4.050000190734863,
        "cum_37": 4.050000190734863,
        "cum_38": 4.050000190734863,
        "is_sieve_s11": 53,
        "is_sieve_s12": 45,
        "is_sieve_s13": 22.399999618530273,
        "is_sieve_s14": 11.199999809265137,
        "is_sieve_s15": 4.75,
        "is_sieve_s16": 2.359999895095825,
        "is_sieve_s17": 0.6000000238418579,
        "is_sieve_s18": 0.07500000298023224,
        "is_sieve_s21": 53,
        "is_sieve_s22": 45,
        "is_sieve_s23": 22.399999618530273,
        "is_sieve_s24": 11.199999809265137,
        "is_sieve_s25": 4.75,
        "is_sieve_s26": 2.359999895095825,
        "is_sieve_s27": 0.6000000238418579,
        "is_sieve_s28": 0.07500000298023224,
        "is_sieve_s31": 53,
        "is_sieve_s32": 45,
        "is_sieve_s33": 22.399999618530273,
        "is_sieve_s34": 11.199999809265137,
        "is_sieve_s35": 4.75,
        "is_sieve_s36": 2.359999895095825,
        "is_sieve_s37": 2.359999895095825,
        "is_sieve_s38": 0.07500000298023224,
        "pass_11": 20,
        "pass_12": 20,
        "pass_13": 20,
        "pass_14": 20,
        "pass_15": 20,
        "pass_16": 20,
        "pass_17": 20,
        "pass_18": 20,
        "pass_21": 100,
        "pass_22": 100,
        "pass_23": 100,
        "pass_24": 100,
        "pass_25": 100,
        "pass_26": 100,
        "pass_27": 100,
        "pass_28": 100,
        "pass_31": 18.99999237060547,
        "pass_32": 18.99999237060547,
        "pass_33": 18.99999237060547,
        "pass_34": 18.99999237060547,
        "pass_35": 18.99999237060547,
        "pass_36": 18.99999237060547,
        "pass_37": 18.99999237060547,
        "pass_38": 18.99999237060547,
        "proportion": 10,
        "total_weight_1": 5,
        "total_weight_2": 5,
        "total_weight_3": 5,
        "weight_of_retained_w11": 4,
        "weight_of_retained_w12": 0,
        "weight_of_retained_w13": 0,
        "weight_of_retained_w14": 0,
        "weight_of_retained_w15": 0,
        "weight_of_retained_w16": 0,
        "weight_of_retained_w17": 0,
        "weight_of_retained_w18": 0,
        "weight_of_retained_w21": 0,
        "weight_of_retained_w22": 0,
        "weight_of_retained_w23": 0,
        "weight_of_retained_w24": 0,
        "weight_of_retained_w25": 0,
        "weight_of_retained_w26": 0,
        "weight_of_retained_w27": 0,
        "weight_of_retained_w28": 0,
        "weight_of_retained_w31": 4.050000190734863,
        "weight_of_retained_w32": 0,
        "weight_of_retained_w33": 0,
        "weight_of_retained_w34": 0,
        "weight_of_retained_w35": 0,
        "weight_of_retained_w36": 0,
        "weight_of_retained_w37": 0,
        "weight_of_retained_w38": 0
    },
    "20mm": {
        "CUM_11": 35.29411697387695,
        "CUM_12": 35.29411697387695,
        "CUM_13": 35.29411697387695,
        "CUM_14": 35.29411697387695,
        "CUM_15": 35.29411697387695,
        "CUM_16": 35.29411697387695,
        "CUM_17": 35.29411697387695,
        "CUM_18": 35.29411697387695,
        "CUM_21": 94.11764526367188,
        "CUM_22": 94.11764526367188,
        "CUM_23": 94.11764526367188,
        "CUM_24": 94.11764526367188,
        "CUM_25": 94.11764526367188,
        "CUM_26": 94.11764526367188,
        "CUM_27": 94.11764526367188,
        "CUM_28": 94.11764526367188,
        "CUM_31": 64.70587921142578,
        "CUM_32": 64.70587921142578,
        "CUM_33": 64.70587921142578,
        "CUM_34": 64.70587921142578,
        "CUM_35": 64.70587921142578,
        "CUM_36": 64.70587921142578,
        "CUM_37": 64.70587921142578,
        "CUM_38": 64.70587921142578,
        "cum_11": 6,
        "cum_12": 6,
        "cum_13": 6,
        "cum_14": 6,
        "cum_15": 6,
        "cum_16": 6,
        "cum_17": 6,
        "cum_18": 6,
        "cum_21": 16,
        "cum_22": 16,
        "cum_23": 16,
        "cum_24": 16,
        "cum_25": 16,
        "cum_26": 16,
        "cum_27": 16,
        "cum_28": 16,
        "cum_31": 11,
        "cum_32": 11,
        "cum_33": 11,
        "cum_34": 11,
        "cum_35": 11,
        "cum_36": 11,
        "cum_37": 11,
        "cum_38": 11,
        "is_sieve_s11": 53,
        "is_sieve_s12": 45,
        "is_sieve_s13": 22.399999618530273,
        "is_sieve_s14": 11.199999809265137,
        "is_sieve_s15": 4.75,
        "is_sieve_s16": 2.359999895095825,
        "is_sieve_s17": 0.6000000238418579,
        "is_sieve_s18": 0.07500000298023224,
        "is_sieve_s21": 53,
        "is_sieve_s22": 45,
        "is_sieve_s23": 22.399999618530273,
        "is_sieve_s24": 11.199999809265137,
        "is_sieve_s25": 4.75,
        "is_sieve_s26": 2.359999895095825,
        "is_sieve_s27": 0.6000000238418579,
        "is_sieve_s28": 0.07500000298023224,
        "is_sieve_s31": 53,
        "is_sieve_s32": 45,
        "is_sieve_s33": 22.399999618530273,
        "is_sieve_s34": 11.199999809265137,
        "is_sieve_s35": 4.75,
        "is_sieve_s36": 2.359999895095825,
        "is_sieve_s37": 2.359999895095825,
        "is_sieve_s38": 0.07500000298023224,
        "pass_11": 64.70588684082031,
        "pass_12": 64.70588684082031,
        "pass_13": 64.70588684082031,
        "pass_14": 64.70588684082031,
        "pass_15": 64.70588684082031,
        "pass_16": 64.70588684082031,
        "pass_17": 64.70588684082031,
        "pass_18": 64.70588684082031,
        "pass_21": 5.882354736328125,
        "pass_22": 5.882354736328125,
        "pass_23": 5.882354736328125,
        "pass_24": 5.882354736328125,
        "pass_25": 5.882354736328125,
        "pass_26": 5.882354736328125,
        "pass_27": 5.882354736328125,
        "pass_28": 5.882354736328125,
        "pass_31": 35.29412078857422,
        "pass_32": 35.29412078857422,
        "pass_33": 35.29412078857422,
        "pass_34": 35.29412078857422,
        "pass_35": 35.29412078857422,
        "pass_36": 35.29412078857422,
        "pass_37": 35.29412078857422,
        "pass_38": 35.29412078857422,
        "proportion": 40,
        "total_weight_1": 17,
        "total_weight_2": 17,
        "total_weight_3": 17,
        "weight_of_retained_w11": 5,
        "weight_of_retained_w12": 0,
        "weight_of_retained_w13": 0,
        "weight_of_retained_w14": 0,
        "weight_of_retained_w15": 0,
        "weight_of_retained_w16": 0,
        "weight_of_retained_w17": 0,
        "weight_of_retained_w18": 0,
        "weight_of_retained_w21": 15,
        "weight_of_retained_w22": 0,
        "weight_of_retained_w23": 0,
        "weight_of_retained_w24": 0,
        "weight_of_retained_w25": 0,
        "weight_of_retained_w26": 0,
        "weight_of_retained_w27": 0,
        "weight_of_retained_w28": 0,
        "weight_of_retained_w31": 10,
        "weight_of_retained_w32": 0,
        "weight_of_retained_w33": 0,