{
    "20mm": {
        "CUM_11": 3,
        "CUM_12": 7,
        "CUM_13": 12,
        "CUM_14": 18,
        "CUM_15": 25,
        "CUM_16": 33,
        "CUM_17": 42,
        "CUM_18": 43,
        "CUM_21": 1,
        "CUM_22": 3,
        "CUM_23": 6,
        "CUM_24": 10,
        "CUM_25": 15,
        "CUM_26": 21,
        "CUM_27": 28,
        "CUM_28": 36,
        "CUM_31": 8,
        "CUM_32": 17,
        "CUM_33": 18,
        "CUM_34": 20,
        "CUM_35": 23,
        "CUM_36": 27,
        "CUM_37": 32,
        "CUM_38": 38,
        "cum_11": 3,
        "cum_12": 7,
        "cum_13": 12,
        "cum_14": 18,
        "cum_15": 25,
        "cum_16": 33,
        "cum_17": 42,
        "cum_18": 43,
        "cum_21": 1,
        "cum_22": 3,
        "cum_23": 6,
        "cum_24": 10,
        "cum_25": 15,
        "cum_26": 21,
        "cum_27": 28,
        "cum_28": 36,
        "cum_31": 8,
        "cum_32": 17,
        "cum_33": 18,
        "cum_34": 20,
        "cum_35": 23,
        "cum_36": 27,
        "cum_37": 32,
        "cum_38": 38,
        "is_sieve_s11": 4,
        "is_sieve_s12": 5,
        "is_sieve_s13": 6,
        "is_sieve_s14": 7,
        "is_sieve_s15": 8,
        "is_sieve_s16": 9,
        "is_sieve_s17": 1,
        "is_sieve_s18": 2,
        "is_sieve_s21": 2,
        "is_sieve_s22": 3,
        "is_sieve_s23": 4,
        "is_sieve_s24": 5,
        "is_sieve_s25": 6,
        "is_sieve_s26": 7,
        "is_sieve_s27": 8,
        "is_sieve_s28": 9,
        "is_sieve_s31": 9,
        "is_sieve_s32": 1,
        "is_sieve_s33": 2,
        "is_sieve_s34": 3,
        "is_sieve_s35": 4,
        "is_sieve_s36": 5,
        "is_sieve_s37": 5,
        "is_sieve_s38": 7,
        "pass_11": 99.97000122070312,
        "pass_12": 99.93000030517578,
        "pass_13": 99.87999725341797,
        "pass_14": 99.81999969482422,
        "pass_15": 99.75,
        "pass_16": 99.66999816894531,
        "pass_17": 99.58000183105469,
        "pass_18": 99.56999969482422,
        "pass_21": 99.98999786376953,
        "pass_22": 99.97000122070312,
        "pass_23": 99.94000244140625,
        "pass_24": 99.9000015258789,
        "pass_25": 99.8499984741211,
        "pass_26": 99.79000091552734,
        "pass_27": 99.72000122070312,
        "pass_28": 99.63999938964844,
        "pass_31": 99.91999816894531,
        "pass_32": 99.83000183105469,
        "pass_33": 99.81999969482422,
        "pass_34": 99.80000305175781,
        "pass_35": 99.7699966430664,
        "pass_36": 99.7300033569336,
        "pass_37": 99.68000030517578,
        "pass_38": 99.62000274658203,
        "weight_of_retained_w11": 3,
        "weight_of_retained_w12": 4,
        "weight_of_retained_w13": 5,
        "weight_of_retained_w14": 6,
        "weight_of_retained_w15": 7,
        "weight_of_retained_w16": 8,
        "weight_of_retained_w17": 9,
        "weight_of_retained_w18": 1,
        "weight_of_retained_w21": 1,
        "weight_of_retained_w22": 2,
        "weight_of_retained_w23": 3,
        "weight_of_retained_w24": 4,
        "weight_of_retained_w25": 5,
        "weight_of_retained_w26": 6,
        "weight_of_retained_w27": 7,
        "weight_of_retained_w28": 8,
        "weight_of_retained_w31": 8,
        "weight_of_retained_w32": 9,
        "weight_of_retained_w33": 1,
        "weight_of_retained_w34": 2,
        "weight_of_retained_w35": 3,
        "weight_of_retained_w36": 4,
        "weight_of_retained_w37": 5,
        "weight_of_retained_w38": 6
    },
    "40mm": {
        "CUM_11": 9,
        "CUM_12": 10,
        "CUM_13": 12,
        "CUM_14": 15,
        "CUM_15": 19,
        "CUM_16": 24,
        "CUM_17": 30,
        "CUM_18": 37,
        "CUM_21": 7,
        "CUM_22": 15,
        "CUM_23": 24,
        "CUM_24": 25,
        "CUM_25": 27,
        "CUM_26": 30,
        "CUM_27": 34,
        "CUM_28": 39,
        "CUM_31": 5,
        "CUM_32": 11,
        "CUM_33": 18,
        "CUM_34": 26,
        "CUM_35": 35,
        "CUM_36": 36,
        "CUM_37": 38,
        "CUM_38": 41,
        "cum_11": 9,
        "cum_12": 10,
        "cum_13": 12,
        "cum_14": 15,
        "cum_15": 19,
        "cum_16": 24,
        "cum_17": 30,
        "cum_18": 37,
        "cum_21": 7,
        "cum_22": 15,
        "cum_23": 24,
        "cum_24": 25,
        "cum_25": 27,
        "cum_26": 30,
        "cum_27": 34,
        "cum_28": 39,
        "cum_31": 5,
        "cum_32": 11,
        "cum_33": 18,
        "cum_34": 26,
        "cum_35": 35,
        "cum_36": 36,
        "cum_37": 38,
        "cum_38": 41,
        "is_sieve_s11": 1,
        "is_sieve_s12": 2,
        "is_sieve_s13": 3,
        "is_sieve_s14": 4,
        "is_sieve_s15": 5,
        "is_sieve_s16": 6,
        "is_sieve_s17": 7,
        "is_sieve_s18": 8,
        "is_sieve_s21": 8,
        "is_sieve_s22": 9,
        "is_sieve_s23": 1,
        "is_sieve_s24": 2,
        "is_sieve_s25": 3,
        "is_sieve_s26": 4,
        "is_sieve_s27": 5,
        "is_sieve_s28": 6,
        "is_sieve_s31": 6,
        "is_sieve_s32": 7,
        "is_sieve_s33": 8,
        "is_sieve_s34": 9,
        "is_sieve_s35": 1,
        "is_sieve_s36": 2,
        "is_sieve_s37": 2,
        "is_sieve_s38": 4,
        "pass_11": 99.91000366210938,
        "pass_12": 99.9000015258789,
        "pass_13": 99.87999725341797,
        "pass_14": 99.8499984741211,
        "pass_15": 99.80999755859375,
        "pass_16": 99.76000213623047,
        "pass_17": 99.69999694824219,
        "pass_18": 99.62999725341797,
        "pass_21": 99.93000030517578,
        "pass_22": 99.8499984741211,
        "pass_23": 99.76000213623047,
        "pass_24": 99.75,
        "pass_25": 99.7300033569336,
        "pass_26": 99.69999694824219,
        "pass_27": 99.66000366210938,
        "pass_28": 99.61000061035156,
        "pass_31": 99.94999694824219,
        "pass_32": 99.88999938964844,
        "pass_33": 99.81999969482422,
        "pass_34": 99.73999786376953,
        "pass_35": 99.6500015258789,
        "pass_36": 99.63999938964844,
        "pass_37": 99.62000274658203,
        "pass_38": 99.58999633789062,
        "weight_of_retained_w11": 9,
        "weight_of_retained_w12": 1,
        "weight_of_retained_w13": 2,
        "weight_of_retained_w14": 3,
        "weight_of_retained_w15": 4,
        "weight_of_retained_w16": 5,
        "weight_of_retained_w17": 6,
        "weight_of_retained_w18": 7,
        "weight_of_retained_w21": 7,
        "weight_of_retained_w22": 8,
        "weight_of_retained_w23": 9,
        "weight_of_retained_w24": 1,
        "weight_of_retained_w25": 2,
        "weight_of_retained_w26": 3,
        "weight_of_retained_w27": 4,
        "weight_of_retained_w28": 5,
        "weight_of_retained_w31": 5,
        "weight_of_retained_w32": 6,
        "weight_of_retained_w33": 7,
        "weight_of_retained_w34": 8,
        "weight_of_retained_w35": 9,
        "weight_of_retained_w36": 1,
        "weight_of_retained_w37": 2,
        "weight_of_retained_w38": 3
    }
}
