{
    "cg": {
        "CUM_1": 0,
        "CUM_2": 9.090909004211426,
        "CUM_3": 18.18181800842285,
        "CUM_4": 27.272727966308594,
        "CUM_5": 36.3636360168457,
        "CUM_6": 45.45454406738281,
        "CUM_7": 45.45454406738281,
        "CUM_8": 54.54545593261719,
        "cum_1": 0,
        "cum_2": 1,
        "cum_3": 2,
        "cum_4": 3,
        "cum_5": 4,
        "cum_6": 5,
        "cum_7": 5,
        "cum_8": 6,
        "is_sieve_s1": 1,
        "is_sieve_s2": 0,
        "is_sieve_s3": 1,
        "is_sieve_s4": 1,
        "is_sieve_s5": 1,
        "is_sieve_s6": 1,
        "is_sieve_s7": 1,
        "is_sieve_s8": 1,
        "pass_1": 100,
        "pass_2": 90.90908813476562,
        "pass_3": 81.81818389892578,
        "pass_4": 72.7272720336914,
        "pass_5": 63.6363639831543,
        "pass_6": 54.54545593261719,
        "pass_7": 54.54545593261719,
        "pass_8": 45.45454406738281,
        "total_weight_1": 11,
        "weight_of_retained_w1": 0,
        "weight_of_retained_w2": 1,
        "weight_of_retained_w3": 1,
        "weight_of_retained_w4": 1,
        "weight_of_retained_w5": 1,
        "weight_of_retained_w6": 1,
        "weight_of_retained_w7": 0,
        "weight_of_retained_w8": 1
    }
}
