{
    "10mm": {
        "CUM_11": null,
        "CUM_12": null,
        "CUM_13": null,
        "CUM_14": null,
        "CUM_15": null,
        "CUM_16": null,
        "CUM_17": null,
        "CUM_18": null,
        "CUM_21": null,
        "CUM_22": null,
        "CUM_23": null,
        "CUM_24": null,
        "CUM_25": null,
        "CUM_26": null,
        "CUM_27": null,
        "CUM_28": null,
        "CUM_31": null,
        "CUM_32": null,
        "CUM_33": null,
        "CUM_34": null,
        "CUM_35": null,
        "CUM_36": null,
        "CUM_37": null,
        "CUM_38": null,
        "cum_11": 0,
        "cum_12": 0,
        "cum_13": 0,
        "cum_14": 0,
        "cum_15": 0,
        "cum_16": 0,
        "cum_17": 0,
        "cum_18": 0,
        "cum_21": 0,
        "cum_22": 0,
        "cum_23": 0,
        "cum_24": 0,
        "cum_25": 0,
        "cum_26": 0,
        "cum_27": 0,
        "cum_28": 0,
        "cum_31": 0,
        "cum_32": 0,
        "cum_33": 0,
        "cum_34": 0,
        "cum_35": 0,
        "cum_36": 0,
        "cum_37": 0,
        "cum_38": 0,
        "is_sieve_s11": 53,
        "is_sieve_s12": 45,
        "is_sieve_s13": 22.399999618530273,
        "is_sieve_s14": 11.199999809265137,
        "is_sieve_s15": 4.75,
        "is_sieve_s16": 2.359999895095825,
        "is_sieve_s17": 0.6000000238418579,
        "is_sieve_s18": 0.07500000298023224,
        "is_sieve_s21": 53,
        "is_sieve_s22": 45,
        "is_sieve_s23": 22.399999618530273,
        "is_sieve_s24": 11.199999809265137,
        "is_sieve_s25": 4.75,
        "is_sieve_s26": 2.359999895095825,
        "is_sieve_s27": 0.6000000238418579,
        "is_sieve_s28": 0.07500000298023224,
        "is_sieve_s31": 53,
        "is_sieve_s32": 45,
        "is_sieve_s33": 22.399999618530273,
        "is_sieve_s34": 11.199999809265137,
        "is_sieve_s35": 4.75,
        "is_sieve_s36": 2.359999895095825,
        "is_sieve_s37": 2.359999895095825,
        "is_sieve_s38": 0.07500000298023224,
        "pass_11": null,
        "pass_12": null,
        "pass_13": null,
        "pass_14": null,
        "pass_15": null,
        "pass_16": null,
        "pass_17": null,
        "pass_18": null,
        "pass_21": null,
        "pass_22": null,
        "pass_23": null,
        "pass_24": null,
        "pass_25": null,
        "pass_26": null,
        "pass_27": null,
        "pass_28": null,
        "pass_31": null,
        "pass_32": null,
        "pass_33": null,
        "pass_34": null,
        "pass_35": null,
        "pass_36": null,
        "pass_37": null,
        "pass_38": null,
        "proportion": 0,
        "total_weight_1": 0,
        "total_weight_2": 0,
        "total_weight_3": 0,
        "weight_of_retained_w11": 0,
        "weight_of_retained_w12": 0,
        "weight_of_retained_w13": 0,
        "weight_of_retained_w14": 0,
        "weight_of_retained_w15": 0,
        "weight_of_retained_w16": 0,
        "weight_of_retained_w17": 0,
        "weight_of_retained_w18": 0,
        "weight_of_retained_w21": 0,
        "weight_of_retained_w22": 0,
        "weight_of_retained_w23": 0,
        "weight_of_retained_w24": 0,
        "weight_of_retained_w25": 0,
        "weight_of_retained_w26": 0,
        "weight_of_retained_w27": 0,
        "weight_of_retained_w28": 0,
        "weight_of_retained_w31": 0,
        "weight_of_retained_w32": 0,
        "weight_of_retained_w33": 0,
        "weight_of_retained_w34": 0,
        "weight_of_retained_w35": 0,
        "weight_of_retained_w36": 0,
        "weight_of_retained_w37": 0,
        "weight_of_retained_w38": 0
    },
    "20mm": {
        "CUM_11": null,
        "CUM_12": null,
        "CUM_13": null,
        "CUM_14": null,
        "CUM_15": null,
        "CUM_16": null,
        "CUM_17": null,
        "CUM_18": null,
        "CUM_21": null,
        "CUM_22": null,
        "CUM_23": null,
        "CUM_24": null,
        "CUM_25": null,
        "CUM_26": null,
        "CUM_27": null,
        "CUM_28": null,
        "CUM_31": null,
        "CUM_32": null,
        "CUM_33": null,
        "CUM_34": null,
        "CUM_35": null,
        "CUM_36": null,
        "CUM_37": null,
        "CUM_38": null,
        "cum_11": 0,
        "cum_12": 0,
        "cum_13": 0,
        "cum_14": 0,
        "cum_15": 0,
        "cum_16": 0,
        "cum_17": 0,
        "cum_18": 0,
        "cum_21": 0,
        "cum_22": 0,
        "cum_23": 0,
        "cum_24": 0,
        "cum_25": 0,
        "cum_26": 0,
        "cum_27": 0,
        "cum_28": 0,
        "cum_31": 0,
        "cum_32": 0,
        "cum_33": 0,
        "cum_34": 0,
        "cum_35": 0,
        "cum_36": 0,
        "cum_37": 0,
        "cum_38": 0,
        "is_sieve_s11": 53,
        "is_sieve_s12": 45,
        "is_sieve_s13": 22.399999618530273,
        "is_sieve_s14": 11.199999809265137,
        "is_sieve_s15": 4.75,
        "is_sieve_s16": 2.359999895095825,
        "is_sieve_s17": 0.6000000238418579,
        "is_sieve_s18": 0.07500000298023224,
        "is_sieve_s21": 53,
        "is_sieve_s22": 45,
        "is_sieve_s23": 22.399999618530273,
        "is_sieve_s24": 11.199999809265137,
        "is_sieve_s25": 4.75,
        "is_sieve_s26": 2.359999895095825,
        "is_sieve_s27": 0.6000000238418579,
        "is_sieve_s28": 0.07500000298023224,
        "is_sieve_s31": 53,
        "is_sieve_s32": 45,
        "is_sieve_s33": 22.399999618530273,
        "is_sieve_s34": 11.199999809265137,
        "is_sieve_s35": 4.75,
        "is_sieve_s36": 2.359999895095825,
        "is_sieve_s37": 2.359999895095825,
        "is_sieve_s38": 0.07500000298023224,
        "pass_11": null,
        "pass_12": null,
        "pass_13": null,
        "pass_14": null,
        "pass_15": null,
        "pass_16": null,
        "pass_17": null,
        "pass_18": null,
        "pass_21": null,
        "pass_22": null,
        "pass_23": null,
        "pass_24": null,
        "pass_25": null,
        "pass_26": null,
        "pass_27": null,
        "pass_28": null,
        "pass_31": null,
        "pass_32": null,
        "pass_33": null,
        "pass_34": null,
        "pass_35": null,
        "pass_36": null,
        "pass_37": null,
        "pass_38": null,
        "proportion": 0,
        "total_weight_1": 0,
        "total_weight_2": 0,
        "total_weight_3": 0,
        "weight_of_retained_w11": 0,
        "weight_of_retained_w12": 0,
        "weight_of_retained_w13": 0,
        "weight_of_retained_w14": 0,
        "weight_of_retained_w15": 0,
        "weight_of_retained_w16": 0,
        "weight_of_retained_w17": 0,
        "weight_of_retained_w18": 0,
        "weight_of_retained_w21": 0,
        "weight_of_retained_w22": 0,
        "weight_of_retained_w23": 0,
        "weight_of_retained_w24": 0,
        "weight_of_retained_w25": 0,
        "weight_of_retained_w26": 0,
        "weight_of_retained_w27": 0,
        "weight_of_retained_w28": 0,
        "weight_of_retained_w31": 0,
        "weight_of_retained_w32": 0,
        "weight_of_retained_w33": 0,
        "weight_of_retained_w34": 0,
        "weight_of_retained_w35": 0,
        "weight_of_retained_w36": 0,
        "weight_of_retained_w37": 0,
        "weight_of_retained_w38": 0
    },
    "40mm": {
        "CUM_11": null,
        "CUM_12": null,
        "CUM_13": null,
        "CUM_14": null,
        "CUM_15": null,
        "CUM_16": null,
        "CUM_17": null,
        "CUM_18": null,
        "CUM_21": null,
        "CUM_22": null,
        "CUM_23": null,
        "CUM_24": null,
        "CUM_25": null,
        "CUM_26": null,
        "CUM_27": null,
        "CUM_28": null,
        "CUM_31": null,
        "CUM_32": null,
        "CUM_33": null,
        "CUM_34": null,
        "CUM_35": null,
        "CUM_36": null,
        "CUM_37": null,
        "CUM_38": null,
        "cum_11": 0,
        "cum_12": 0,
        "cum_13": 0,
        "cum_14": 0,
        "cum_15": 0,
        "cum_16": 0,
        "cum_17": 0,
        "cum_18": 0,